{"cameraMode":{"drawMode":0,"name":"Shaded","section":"Shading Mode"},"sceneLighting":false,"audioPlay":false,"sceneViewState":{"showFog":true,"showMaterialUpdate":false,"showSkybox":true,"showFlares":true,"showImageEffects":true,"showParticleSystems":true},"in2DMode":false,"pivot":{"x":-5.243000030517578,"y":2.5300002098083498,"z":-1.7999999523162842},"rotation":{"x":-0.7234699130058289,"y":-0.00707524036988616,"z":0.007322552148252726,"w":-0.690367579460144},"size":6.295149326324463,"orthographic":true}