{"cameraMode":{"drawMode":0,"name":"Shaded","section":"Shading Mode"},"sceneLighting":false,"audioPlay":false,"sceneViewState":{"showFog":true,"showMaterialUpdate":false,"showSkybox":true,"showFlares":true,"showImageEffects":true,"showParticleSystems":true},"in2DMode":false,"pivot":{"x":-5.244999885559082,"y":2.5300002098083498,"z":-1.7999999523162842},"rotation":{"x":-0.7955126762390137,"y":-0.004420977085828781,"z":0.005660210736095905,"w":-0.6059947609901428},"size":6.284855365753174,"orthographic":true}