{"cameraMode":{"drawMode":0,"name":"Shaded","section":"Shading Mode"},"sceneLighting":false,"audioPlay":false,"sceneViewState":{"showFog":true,"showMaterialUpdate":false,"showSkybox":true,"showFlares":true,"showImageEffects":true,"showParticleSystems":true},"in2DMode":false,"pivot":{"x":-50.24064636230469,"y":-190.797119140625,"z":-143.88671875},"rotation":{"x":0.40360409021377566,"y":-0.07644222676753998,"z":0.03386221081018448,"w":0.9111143946647644},"size":1822.4453125,"orthographic":false}