{"cameraMode":{"drawMode":0,"name":"Shaded","section":"Shading Mode"},"sceneLighting":false,"audioPlay":false,"sceneViewState":{"showFog":true,"showMaterialUpdate":false,"showSkybox":true,"showFlares":true,"showImageEffects":true,"showParticleSystems":true},"in2DMode":false,"pivot":{"x":3.72174072265625,"y":1.9873046875,"z":-0.50830078125},"rotation":{"x":-0.8018941879272461,"y":-0.02758476510643959,"z":0.0370207317173481,"w":-0.5957835912704468},"size":15.859575271606446,"orthographic":true}