{"cameraMode":{"drawMode":0,"name":"Shaded","section":"Shading Mode"},"sceneLighting":false,"audioPlay":false,"sceneViewState":{"showFog":true,"showMaterialUpdate":false,"showSkybox":true,"showFlares":true,"showImageEffects":true,"showParticleSystems":true},"in2DMode":false,"pivot":{"x":237.90000915527345,"y":417.6841735839844,"z":-0.309999942779541},"rotation":{"x":0.0034035148564726116,"y":0.9963680505752564,"z":-0.04636057838797569,"w":0.07214219123125076},"size":591.1531372070313,"orthographic":true}