{"cameraMode":{"drawMode":0,"name":"Shaded","section":"Shading Mode"},"sceneLighting":false,"audioPlay":false,"sceneViewState":{"showFog":true,"showMaterialUpdate":false,"showSkybox":true,"showFlares":true,"showImageEffects":true,"showParticleSystems":true},"in2DMode":false,"pivot":{"x":-5.2129998207092289,"y":1.5800000429153443,"z":-1.799999713897705},"rotation":{"x":-0.7064960598945618,"y":0.061898373067379,"z":-0.06226913258433342,"w":-0.7022692561149597},"size":12.570354461669922,"orthographic":false}